INSERT INTO BIB_GENRES(
  CODE,
  LIBELLE
) VALUES(
  'BD',
  'Bande dessinee'
);

INSERT INTO BIB_GENRES(
  CODE,
  LIBELLE
) VALUES(
  'REC',
  'Recit'
);

INSERT INTO BIB_GENRES(
  CODE,
  LIBELLE
) VALUES(
  'POL',
  'Policier'
);

INSERT INTO BIB_GENRES(
  CODE,
  LIBELLE
) VALUES(
  'INF',
  'Informatique'
);

INSERT INTO BIB_GENRES(
  CODE,
  LIBELLE
) VALUES(
  'THE',
  'Théâtre'
);

INSERT INTO BIB_GENRES(
  CODE,
  LIBELLE
) VALUES(
  'ROM',
  'Roman'
);

INSERT INTO BIB_OUVRAGES (
  ISBN,
  TITRE,
  AUTEUR,
  GENRE,
  EDITEUR
) VALUES (
  2203314168,
  'LEFRANC-L''ultimatum',
  'Martin, Carin',
  'BD',
  'Casterman'
);

INSERT INTO BIB_OUVRAGES(
  ISBN,
  TITRE,
  AUTEUR,
  GENRE,
  EDITEUR
) VALUES(
  2746021285,
  'HTML entraînez-vous pour maîtriser le code source',
  'Luc Van Lancker',
  'INF',
  'ENI'
);

INSERT INTO BIB_OUVRAGES(
  ISBN,
  TITRE,
  AUTEUR,
  GENRE,
  EDITEUR
) VALUES(
  2266085816,
  'Pantagruel',
  'François RABELAIS',
  'ROM',
  'POCKET'
);

INSERT INTO BIB_OUVRAGES(
  ISBN,
  TITRE,
  AUTEUR,
  GENRE,
  EDITEUR
) VALUES(
  2266091611,
  'Voyage au centre de la terre',
  'Jules Verne',
  'ROM',
  'POCKET'
);

INSERT INTO BIB_OUVRAGES(
  ISBN,
  TITRE,
  AUTEUR,
  GENRE,
  EDITEUR
) VALUES(
  2253010219,
  'Le crime de l''Orient Express',
  'Agatha Christie',
  'POL',
  'Livre de Poche'
);

INSERT INTO BIB_OUVRAGES(
  ISBN,
  TITRE,
  AUTEUR,
  GENRE,
  EDITEUR
) VALUES(
  2070400816,
  'Le Bourgeois gentilhomme',
  'Moliere',
  'THE',
  'Gallimard'
);

INSERT INTO BIB_OUVRAGES(
  ISBN,
  TITRE,
  AUTEUR,
  GENRE,
  EDITEUR
) VALUES(
  2070367177,
  'Le curé de Tours',
  'Honoré de Balzac',
  'ROM',
  'Gallimard'
);

INSERT INTO BIB_OUVRAGES(
  ISBN,
  TITRE,
  AUTEUR,
  GENRE,
  EDITEUR
) VALUES(
  2080720872,
  'Boule de suif',
  'Guy de Maupassant',
  'REC',
  'Flammarion'
);

INSERT INTO BIB_OUVRAGES(
  ISBN,
  TITRE,
  AUTEUR,
  GENRE,
  EDITEUR
) VALUES(
  2877065073,
  'La gloire de mon père',
  'Marcel Pagnol',
  'ROM',
  'Fallois'
);

INSERT INTO BIB_OUVRAGES(
  ISBN,
  TITRE,
  AUTEUR,
  GENRE,
  EDITEUR
) VALUES(
  2020549522,
  'L''aventure des manuscrits de la mer morte ',
  DEFAULT,
  'REC',
  'Seuil'
);

INSERT INTO BIB_OUVRAGES(
  ISBN,
  TITRE,
  AUTEUR,
  GENRE,
  EDITEUR
) VALUES(
  2253006327,
  'Vingt mille lieues sous les mers ',
  'Jules Verne',
  'ROM',
  'LGF'
);

INSERT INTO BIB_OUVRAGES(
  ISBN,
  TITRE,
  AUTEUR,
  GENRE,
  EDITEUR
) VALUES(
  2038704015,
  'De la terre à la lune',
  'Jules Verne',
  'ROM',
  'Larousse'
);

INSERT INTO BIB_EXEMPLAIRES(
  ISBN,
  NUMERO,
  ETAT
)
  SELECT
    ISBN,
    1,
    'BO'
  FROM
    BIB_OUVRAGES;

INSERT INTO BIB_EXEMPLAIRES(
  ISBN,
  NUMERO,
  ETAT
)
  SELECT
    ISBN,
    2,
    'MO'
  FROM
    BIB_OUVRAGES;

DELETE FROM BIB_EXEMPLAIRES
WHERE
  ISBN=2746021285
  AND NUMERO=2;

UPDATE BIB_EXEMPLAIRES
SET
  ETAT='MO'
WHERE
  ISBN=2203314168
  AND NUMERO=1;

UPDATE BIB_EXEMPLAIRES
SET
  ETAT='BO'
WHERE
  ISBN=2203314168
  AND NUMERO=2;

INSERT INTO BIB_EXEMPLAIRES(
  ISBN,
  NUMERO,
  ETAT
) VALUES (
  2203314168,
  3,
  'NE'
);

INSERT INTO BIB_EXEMPLAIRES(
  ISBN,
  NUMERO,
  ETAT
) VALUES (
  2203314168,
  4,
  'MA'
);

INSERT INTO BIB_EXEMPLAIRES(
  ISBN,
  NUMERO,
  ETAT
) VALUES (
  2746021285,
  3,
  'MA'
);

INSERT INTO BIB_MEMBRES(
  NUMERO,
  NOM,
  PRENOM,
  ADRESSE,
  TELEPHONE,
  ADHESION,
  DUREE
) VALUES(
  1,
  'ALBERT',
  'Anne',
  '13 rue des alpes',
  '0601020304',
  SYSDATE-60,
  1
);

INSERT INTO BIB_MEMBRES(
  NUMERO,
  NOM,
  PRENOM,
  ADRESSE,
  TELEPHONE,
  ADHESION,
  DUREE
) VALUES(
  2,
  'BERNAUD',
  'Barnabé',
  '6 rue des bécasses',
  '0602030105',
  SYSDATE-10,
  3
);

INSERT INTO BIB_MEMBRES(
  NUMERO,
  NOM,
  PRENOM,
  ADRESSE,
  TELEPHONE,
  ADHESION,
  DUREE
) VALUES(
  3,
  'CUVARD',
  'Camille',
  '52 rue des cerisiers',
  '0602010509',
  SYSDATE-100,
  6
);

INSERT INTO BIB_MEMBRES(
  NUMERO,
  NOM,
  PRENOM,
  ADRESSE,
  TELEPHONE,
  ADHESION,
  DUREE
) VALUES(
  4,
  'DUPOND',
  'Daniel',
  '11 rue des daims',
  '0610236515',
  SYSDATE-250,
  12
);

INSERT INTO BIB_MEMBRES(
  NUMERO,
  NOM,
  PRENOM,
  ADRESSE,
  TELEPHONE,
  ADHESION,
  DUREE
) VALUES(
  5,
  'EVROUX',
  'Eglantine',
  '34 rue des elfes',
  '0658963125',
  SYSDATE-150,
  6
);

INSERT INTO BIB_MEMBRES(
  NUMERO,
  NOM,
  PRENOM,
  ADRESSE,
  TELEPHONE,
  ADHESION,
  DUREE
) VALUES(
  6,
  'FREGEON',
  'Fernand',
  '11 rue des Francs',
  '0602036987',
  SYSDATE-400,
  6
);

INSERT INTO BIB_MEMBRES(
  NUMERO,
  NOM,
  PRENOM,
  ADRESSE,
  TELEPHONE,
  ADHESION,
  DUREE
) VALUES(
  7,
  'GORIT',
  'Gaston',
  '96 rue de la glacerie ',
  '0684235781',
  SYSDATE-150,
  1
);

INSERT INTO BIB_MEMBRES(
  NUMERO,
  NOM,
  PRENOM,
  ADRESSE,
  TELEPHONE,
  ADHESION,
  DUREE
) VALUES(
  8,
  'HEVARD',
  'Hector',
  '12 rue haute',
  '0608546578',
  SYSDATE-250,
  12
);

INSERT INTO BIB_MEMBRES(
  NUMERO,
  NOM,
  PRENOM,
  ADRESSE,
  TELEPHONE,
  ADHESION,
  DUREE
) VALUES(
  9,
  'INGRAND',
  'Irène',
  '54 rue des iris',
  '0605020409',
  SYSDATE-50,
  12
);

INSERT INTO BIB_MEMBRES(
  NUMERO,
  NOM,
  PRENOM,
  ADRESSE,
  TELEPHONE,
  ADHESION,
  DUREE
) VALUES(
  10,
  'JUSTE',
  'Julien',
  '5 place des Jacobins',
  '0603069876',
  SYSDATE-100,
  6
);

INSERT INTO BIB_EMPRUNTS(
  NUMERO,
  MEMBRE,
  CREELE
) VALUES(
  1,
  1,
  SYSDATE-200
);

INSERT INTO BIB_EMPRUNTS(
  NUMERO,
  MEMBRE,
  CREELE
) VALUES(
  2,
  3,
  SYSDATE-190
);

INSERT INTO BIB_EMPRUNTS(
  NUMERO,
  MEMBRE,
  CREELE
) VALUES(
  3,
  4,
  SYSDATE-180
);

INSERT INTO BIB_EMPRUNTS(
  NUMERO,
  MEMBRE,
  CREELE
) VALUES(
  4,
  1,
  SYSDATE-170
);

INSERT INTO BIB_EMPRUNTS(
  NUMERO,
  MEMBRE,
  CREELE
) VALUES(
  5,
  5,
  SYSDATE-160
);

INSERT INTO BIB_EMPRUNTS(
  NUMERO,
  MEMBRE,
  CREELE
) VALUES(
  6,
  2,
  SYSDATE-150
);

INSERT INTO BIB_EMPRUNTS(
  NUMERO,
  MEMBRE,
  CREELE
) VALUES(
  7,
  4,
  SYSDATE-140
);

INSERT INTO BIB_EMPRUNTS(
  NUMERO,
  MEMBRE,
  CREELE
) VALUES(
  8,
  1,
  SYSDATE-130
);

INSERT INTO BIB_EMPRUNTS(
  NUMERO,
  MEMBRE,
  CREELE
) VALUES(
  9,
  9,
  SYSDATE-120
);

INSERT INTO BIB_EMPRUNTS(
  NUMERO,
  MEMBRE,
  CREELE
) VALUES(
  10,
  6,
  SYSDATE-110
);

INSERT INTO BIB_EMPRUNTS(
  NUMERO,
  MEMBRE,
  CREELE
) VALUES(
  11,
  1,
  SYSDATE-100
);

INSERT INTO BIB_EMPRUNTS(
  NUMERO,
  MEMBRE,
  CREELE
) VALUES(
  12,
  6,
  SYSDATE-90
);

INSERT INTO BIB_EMPRUNTS(
  NUMERO,
  MEMBRE,
  CREELE
) VALUES(
  13,
  2,
  SYSDATE-80
);

INSERT INTO BIB_EMPRUNTS(
  NUMERO,
  MEMBRE,
  CREELE
) VALUES(
  14,
  4,
  SYSDATE-70
);

INSERT INTO BIB_EMPRUNTS(
  NUMERO,
  MEMBRE,
  CREELE
) VALUES(
  15,
  1,
  SYSDATE-60
);

INSERT INTO BIB_EMPRUNTS(
  NUMERO,
  MEMBRE,
  CREELE
) VALUES(
  16,
  3,
  SYSDATE-50
);

INSERT INTO BIB_EMPRUNTS(
  NUMERO,
  MEMBRE,
  CREELE
) VALUES(
  17,
  1,
  SYSDATE-40
);

INSERT INTO BIB_EMPRUNTS(
  NUMERO,
  MEMBRE,
  CREELE
) VALUES(
  18,
  5,
  SYSDATE-30
);

INSERT INTO BIB_EMPRUNTS(
  NUMERO,
  MEMBRE,
  CREELE
) VALUES(
  19,
  4,
  SYSDATE-20
);

INSERT INTO BIB_EMPRUNTS(
  NUMERO,
  MEMBRE,
  CREELE
) VALUES(
  20,
  1,
  SYSDATE-10
);

INSERT INTO BIB_DETAILS(
  EMPRUNT,
  NUMERO,
  ISBN,
  EXEMPLAIRE,
  RENDULE
) VALUES(
  1,
  1,
  2038704015,
  1,
  SYSDATE-195
);

INSERT INTO BIB_DETAILS(
  EMPRUNT,
  NUMERO,
  ISBN,
  EXEMPLAIRE,
  RENDULE
) VALUES(
  1,
  2,
  2070367177,
  2,
  SYSDATE-190
);

INSERT INTO BIB_DETAILS(
  EMPRUNT,
  NUMERO,
  ISBN,
  EXEMPLAIRE,
  RENDULE
) VALUES(
  2,
  1,
  2080720872,
  1,
  SYSDATE-180
);

INSERT INTO BIB_DETAILS(
  EMPRUNT,
  NUMERO,
  ISBN,
  EXEMPLAIRE,
  RENDULE
) VALUES(
  2,
  2,
  2203314168,
  1,
  SYSDATE-179
);

INSERT INTO BIB_DETAILS(
  EMPRUNT,
  NUMERO,
  ISBN,
  EXEMPLAIRE,
  RENDULE
) VALUES(
  3,
  1,
  2038704015,
  1,
  SYSDATE-170
);

INSERT INTO BIB_DETAILS(
  EMPRUNT,
  NUMERO,
  ISBN,
  EXEMPLAIRE,
  RENDULE
) VALUES(
  4,
  1,
  2203314168,
  2,
  SYSDATE-155
);

INSERT INTO BIB_DETAILS(
  EMPRUNT,
  NUMERO,
  ISBN,
  EXEMPLAIRE,
  RENDULE
) VALUES(
  4,
  2,
  2080720872,
  1,
  SYSDATE-155
);

INSERT INTO BIB_DETAILS(
  EMPRUNT,
  NUMERO,
  ISBN,
  EXEMPLAIRE,
  RENDULE
) VALUES(
  4,
  3,
  2266085816,
  1,
  SYSDATE-159
);

INSERT INTO BIB_DETAILS(
  EMPRUNT,
  NUMERO,
  ISBN,
  EXEMPLAIRE,
  RENDULE
) VALUES(
  5,
  1,
  2038704015,
  1,
  SYSDATE-140
);

INSERT INTO BIB_DETAILS(
  EMPRUNT,
  NUMERO,
  ISBN,
  EXEMPLAIRE,
  RENDULE
) VALUES(
  6,
  1,
  2266085816,
  2,
  SYSDATE-141
);

INSERT INTO BIB_DETAILS(
  EMPRUNT,
  NUMERO,
  ISBN,
  EXEMPLAIRE,
  RENDULE
) VALUES(
  6,
  2,
  2080720872,
  2,
  SYSDATE-130
);

INSERT INTO BIB_DETAILS(
  EMPRUNT,
  NUMERO,
  ISBN,
  EXEMPLAIRE,
  RENDULE
) VALUES(
  6,
  3,
  2746021285,
  1,
  SYSDATE-133
);

INSERT INTO BIB_DETAILS(
  EMPRUNT,
  NUMERO,
  ISBN,
  EXEMPLAIRE,
  RENDULE
) VALUES(
  7,
  1,
  2070367177,
  2,
  SYSDATE-100
);

INSERT INTO BIB_DETAILS(
  EMPRUNT,
  NUMERO,
  ISBN,
  EXEMPLAIRE,
  RENDULE
) VALUES(
  8,
  1,
  2080720872,
  1,
  SYSDATE-116
);

INSERT INTO BIB_DETAILS(
  EMPRUNT,
  NUMERO,
  ISBN,
  EXEMPLAIRE,
  RENDULE
) VALUES(
  9,
  1,
  2038704015,
  1,
  SYSDATE-100
);

INSERT INTO BIB_DETAILS(
  EMPRUNT,
  NUMERO,
  ISBN,
  EXEMPLAIRE,
  RENDULE
) VALUES(
  10,
  1,
  2080720872,
  2,
  SYSDATE-107
);

--INSERT INTO BIB_Details(emprunt, numero, isbn, exemplaire, rendule) VALUES(10,2,2746026090,1,sysdate-78);
INSERT INTO BIB_DETAILS(
  EMPRUNT,
  NUMERO,
  ISBN,
  EXEMPLAIRE,
  RENDULE
) VALUES(
  11,
  1,
  2746021285,
  1,
  SYSDATE-81
);

INSERT INTO BIB_DETAILS(
  EMPRUNT,
  NUMERO,
  ISBN,
  EXEMPLAIRE,
  RENDULE
) VALUES(
  12,
  1,
  2203314168,
  1,
  SYSDATE-86
);

INSERT INTO BIB_DETAILS(
  EMPRUNT,
  NUMERO,
  ISBN,
  EXEMPLAIRE,
  RENDULE
) VALUES(
  12,
  2,
  2038704015,
  1,
  SYSDATE-60
);

INSERT INTO BIB_DETAILS(
  EMPRUNT,
  NUMERO,
  ISBN,
  EXEMPLAIRE,
  RENDULE
) VALUES(
  13,
  1,
  2070367177,
  1,
  SYSDATE-65
);

INSERT INTO BIB_DETAILS(
  EMPRUNT,
  NUMERO,
  ISBN,
  EXEMPLAIRE,
  RENDULE
) VALUES(
  14,
  1,
  2266091611,
  1,
  SYSDATE-66
);

INSERT INTO BIB_DETAILS(
  EMPRUNT,
  NUMERO,
  ISBN,
  EXEMPLAIRE,
  RENDULE
) VALUES(
  15,
  1,
  2070400816,
  1,
  SYSDATE-50
);

INSERT INTO BIB_DETAILS(
  EMPRUNT,
  NUMERO,
  ISBN,
  EXEMPLAIRE,
  RENDULE
) VALUES(
  16,
  1,
  2253010219,
  2,
  SYSDATE-41
);

INSERT INTO BIB_DETAILS(
  EMPRUNT,
  NUMERO,
  ISBN,
  EXEMPLAIRE,
  RENDULE
) VALUES(
  16,
  2,
  2070367177,
  2,
  SYSDATE-41
);

INSERT INTO BIB_DETAILS(
  EMPRUNT,
  NUMERO,
  ISBN,
  EXEMPLAIRE,
  RENDULE
) VALUES(
  17,
  1,
  2877065073,
  2,
  SYSDATE-36
);

INSERT INTO BIB_DETAILS(
  EMPRUNT,
  NUMERO,
  ISBN,
  EXEMPLAIRE,
  RENDULE
) VALUES(
  18,
  1,
  2070367177,
  1,
  SYSDATE-14
);

--INSERT INTO BIB_Details(emprunt, numero, isbn, exemplaire, rendule) VALUES(19,1,2746026090,1,sysdate-12);
INSERT INTO BIB_DETAILS(
  EMPRUNT,
  NUMERO,
  ISBN,
  EXEMPLAIRE,
  RENDULE
) VALUES(
  20,
  1,
  2266091611,
  1,
  DEFAULT
);

INSERT INTO BIB_DETAILS(
  EMPRUNT,
  NUMERO,
  ISBN,
  EXEMPLAIRE,
  RENDULE
) VALUES(
  20,
  2,
  2253010219,
  1,
  DEFAULT
);

INSERT INTO BIB_DETAILS(
  EMPRUNT,
  NUMERO,
  ISBN,
  EXEMPLAIRE,
  RENDULE
) VALUES(
  7,
  2,
  2038704015,
  1,
  SYSDATE-136
);

INSERT INTO BIB_DETAILS(
  EMPRUNT,
  NUMERO,
  ISBN,
  EXEMPLAIRE,
  RENDULE
) VALUES(
  8,
  2,
  2038704015,
  1,
  SYSDATE-127
);

INSERT INTO BIB_DETAILS(
  EMPRUNT,
  NUMERO,
  ISBN,
  EXEMPLAIRE,
  RENDULE
) VALUES(
  11,
  2,
  2038704015,
  1,
  SYSDATE-95
);

INSERT INTO BIB_DETAILS(
  EMPRUNT,
  NUMERO,
  ISBN,
  EXEMPLAIRE,
  RENDULE
) VALUES(
  15,
  2,
  2038704015,
  1,
  SYSDATE-54
);

INSERT INTO BIB_DETAILS(
  EMPRUNT,
  NUMERO,
  ISBN,
  EXEMPLAIRE,
  RENDULE
) VALUES(
  16,
  3,
  2038704015,
  1,
  SYSDATE-43
);

INSERT INTO BIB_DETAILS(
  EMPRUNT,
  NUMERO,
  ISBN,
  EXEMPLAIRE,
  RENDULE
) VALUES(
  17,
  2,
  2038704015,
  1,
  SYSDATE-36
);

INSERT INTO BIB_DETAILS(
  EMPRUNT,
  NUMERO,
  ISBN,
  EXEMPLAIRE,
  RENDULE
) VALUES(
  18,
  2,
  2038704015,
  1,
  SYSDATE-24
);

INSERT INTO BIB_DETAILS(
  EMPRUNT,
  NUMERO,
  ISBN,
  EXEMPLAIRE,
  RENDULE
) VALUES(
  19,
  2,
  2038704015,
  1,
  SYSDATE-13
);

INSERT INTO BIB_DETAILS(
  EMPRUNT,
  NUMERO,
  ISBN,
  EXEMPLAIRE,
  RENDULE
) VALUES(
  20,
  3,
  2038704015,
  1,
  SYSDATE-3
);

INSERT INTO BIB_OUVRAGES(
  ISBN,
  TITRE,
  AUTEUR,
  GENRE,
  EDITEUR
) VALUES(
  2080703234,
  'Cinq semaines en ballon',
  'Jules Verne',
  'ROM',
  'Flammarion'
);

COMMIT;
